[{
    "criador": "@Breno",
    "número": "1",
    "masculina": "https://i.pinimg.com/564x/d5/43/ae/d543aef3523502743b376db380cebff3.jpg",
    "feminina": "https://i.pinimg.com/564x/ed/83/9b/ed839b04efc10c9ef27050266be8dbd9.jpg"
},
{
    "criador": "@Breno",
    "número": "2",
    "masculina": "https://i.pinimg.com/564x/32/ac/df/32acdff5d75f0de1239414a10d8178a6.jpg",
    "feminina": "https://i.pinimg.com/564x/c5/a9/4b/c5a94b1c9b5e4ba381e1223762066c83.jpg"
},
{
    "criador": "@Breno",
    "número": "3",
    "masculina": "https://i.pinimg.com/564x/7c/35/ed/7c35ed596356ddc31ef3d926df97243b.jpg",
    "feminina": "https://i.pinimg.com/564x/f7/c1/21/f7c1219f9cd57d13b393442d6254b4e7.jpg"
},
{
    "criador": "@Breno",
    "número": "4",
    "masculina": "https://i.pinimg.com/564x/bc/4a/9a/bc4a9aefafbad258df501b0b1233cc12.jpg",
    "feminina": "https://i.pinimg.com/564x/fd/53/41/fd5341a0aed334e24a538069294178bb.jpg"
},
{
    "criador": "@Breno",
    "número": "5",
    "masculina": "https://i.pinimg.com/564x/fa/c2/e3/fac2e3209d59309dbe43c4f11fa3ce50.jpg",
    "feminina": "https://i.pinimg.com/564x/a9/7f/44/a97f4491e970ecf1fbdafbf3321e0ae9.jpg"
},
{
    "criador": "@Breno",
    "número": "6",
    "masculina": "https://i.pinimg.com/564x/c2/8c/24/c28c2478c763c9c900c60b9fedd0717b.jpg",
    "feminina": "https://i.pinimg.com/564x/8f/4b/4a/8f4b4a9f2e428a359442500d3c0f9814.jpg"
},
{
    "criador": "@Breno",
    "número": "7",
    "masculina": "https://i.pinimg.com/564x/09/3a/f2/093af2156b4b0d66799ac8d5eff6e7ff.jpg",
    "feminina": "https://i.pinimg.com/564x/27/7e/3a/277e3a698550c98581384db1f795ce5c.jpg"
},
{
    "criador": "@Breno",
    "número": "8",
    "masculina": "https://i.pinimg.com/564x/d2/f4/eb/d2f4ebfb5007fe2b02d7012bee1ea198.jpg",
    "feminina": "https://i.pinimg.com/564x/3c/ed/a0/3ceda0e5a3208bc1c8db7ed41bd6c4ef.jpg"
},
{
    "criador": "@Breno",
    "número": "9",
    "masculina": "https://i.pinimg.com/564x/90/71/a8/9071a8a949cc6d96e9a62fd9bc12720c.jpg",
    "feminina": "https://i.pinimg.com/564x/bd/76/3f/bd763f0a1b868cb55395adb6e4b8f8d2.jpg"
},
{
    "criador": "@Breno",
    "número": "10",
    "masculina": "https://i.pinimg.com/564x/d7/48/8b/d7488b788d5cdd9c47228b77023408ec.jpg",
    "feminina": "https://i.pinimg.com/564x/0a/bc/0b/0abc0bbda1ddee1363f9e127ed0fc4b2.jpg"
},
{
    "criador": "@Breno",
    "número": "11",
    "masculina": "https://i.pinimg.com/564x/a9/62/b7/a962b76b85315528c298a2049e3e229c.jpg",
    "feminina": "https://i.pinimg.com/564x/1a/f5/e4/1af5e46db62d937931ed19f3bf4d4c12.jpg"
},
{
    "criador": "@Breno",
    "número": "12",
    "masculina": "https://i.pinimg.com/564x/15/14/67/1514672667b75047735d9582b6f98ac8.jpg",
    "feminina": "https://i.pinimg.com/564x/84/37/64/8437645b925627e48f2b20e9681af2d7.jpg"
},
{
    "criador": "@Breno",
    "número": "13",
    "masculina": "https://i.pinimg.com/564x/e4/cd/ae/e4cdae6c3cd69e33b5286aa88b93bda6.jpg",
    "feminina": "https://i.pinimg.com/564x/75/1a/c6/751ac6fa3126adb4a89586e34ccdac03.jpg"
},
{
    "criador": "@Breno",
    "número": "13",
    "masculina": "https://i.pinimg.com/564x/e8/16/e7/e816e731bda6d662080f82b422a0588b.jpg",
    "feminina": "https://i.pinimg.com/564x/fe/3f/23/fe3f230ce06cdda4fd67c711ac2fbe1f.jpg"
},
{
    "criador": "@Breno",
    "número": "14",
    "masculina": "https://i.pinimg.com/564x/30/67/ee/3067ee88bded9d8579ad42892db7bc3b.jpg",
    "feminina": "https://i.pinimg.com/564x/52/f7/a0/52f7a08ad38b312e17208d68bfd1e899.jpg"
},
{
    "criador": "@Breno",
    "número": "15",
    "masculina": "https://i.pinimg.com/564x/a1/8f/46/a18f46d4c21e7ae02cb40a166a807f99.jpg",
    "feminina": "https://i.pinimg.com/564x/3a/2c/ef/3a2cef2373e9601b2e419a3c305e7cf1.jpg"
},
{
    "criador": "@Breno",
    "número": "16",
    "masculina": "https://i.pinimg.com/564x/57/05/6b/57056bb4375204e3b61443b0793006f7.jpg",
    "feminina": "https://i.pinimg.com/564x/3d/fd/3c/3dfd3cb587f191efb72ff88b455bef74.jpg"
},
{
    "criador": "@Breno",
    "número": "17",
    "masculina": "https://i.pinimg.com/564x/ed/a1/c7/eda1c7b6ca87d3743637c9d56bd7dd19.jpg",
    "feminina": "https://i.pinimg.com/564x/ba/f0/49/baf0490d0f737e8a878ab00375f5152b.jpg"
},
{
    "criador": "@Breno",
    "número": "18",
    "masculina": "https://i.pinimg.com/564x/20/52/7a/20527a65fcf4e14494041cf2bbaaf862.jpg",
    "feminina": "https://i.pinimg.com/564x/c7/ce/3c/c7ce3c6ce4822b1071638745e2e50e44.jpg"
},
{
    "criador": "@Breno",
    "número": "19",
    "masculina": "https://i.pinimg.com/564x/1c/71/8b/1c718be1f485dd46a0be1e41f56dd5f5.jpg",
    "feminina": "https://i.pinimg.com/564x/f7/a3/01/f7a301fd91b9ef73a31d5e4d6974ca71.jpg"
},
{
    "criador": "@Breno",
    "número": "20",
    "masculina": "https://i.pinimg.com/564x/cd/91/24/cd9124b9fb35a5437e03e12234b2a4cd.jpg",
    "feminina": "https://i.pinimg.com/564x/22/5b/bf/225bbfd2c56a5d55ee5232e365293877.jpg"
},
{
    "criador": "@Breno",
    "número": "21",
    "masculina": "https://i.pinimg.com/564x/dd/5b/3e/dd5b3efb5db7bd6cff1c85d825080aeb.jpg",
    "feminina": "https://i.pinimg.com/564x/20/11/2e/20112e32258a5eb06ddc0cf984597834.jpg"
},
{
    "criador": "@Breno",
    "número": "22",
    "masculina": "https://i.pinimg.com/564x/ea/3c/1d/ea3c1dd488d314d3d8623f788b4f0d92.jpg",
    "feminina": "https://i.pinimg.com/564x/3f/ac/4e/3fac4efe96aee3daf03cc3965723c432.jpg"
},
{
    "criador": "@Breno",
    "número": "23",
    "masculina": "https://i.pinimg.com/564x/c7/5e/82/c75e82afbda088e9713048418f5593f1.jpg",
    "feminina": "https://i.pinimg.com/564x/80/ec/84/80ec84d90b1085916d0592b1ec54fd27.jpg"
},
{
    "criador": "@Breno",
    "número": "24",
    "masculina": "https://i.pinimg.com/564x/70/e4/fe/70e4feb9c3db9d58deb4ce235e80d1e2.jpg",
    "feminina": "https://i.pinimg.com/564x/dc/2f/f4/dc2ff45b63c0122de5ebf461ef2b777e.jpg"
},
{
    "criador": "@Breno",
    "número": "25",
    "masculina": "https://i.pinimg.com/564x/aa/60/3e/aa603ecc9fcf46d76ad4032854c86604.jpg",
    "feminina": "https://i.pinimg.com/564x/68/7a/e0/687ae01c4d4e659231f71c1ef6cc8597.jpg"
},
{
    "criador": "@Breno",
    "número": "26",
    "masculina": "https://i.pinimg.com/564x/ef/f9/dc/eff9dce65101563bc81df5ee8a489158.jpg",
    "feminina": "https://i.pinimg.com/564x/0a/f8/7b/0af87bde132510a6fd5c27e0b43e00b4.jpg"
},
{
    "criador": "@Breno",
    "número": "27",
    "masculina": "https://i.pinimg.com/564x/40/80/8b/40808b9853e5e25e283cc6398db45fe4.jpg",
    "feminina": "https://i.pinimg.com/564x/da/7b/4f/da7b4f10a61f2c7447ad93e4cae50cf8.jpg"
},
{
    "criador": "@Breno",
    "número": "28",
    "masculina": "https://i.pinimg.com/564x/09/2b/36/092b36e9f1f12231873012d7c3d7e45d.jpg",
    "feminina": "https://i.pinimg.com/564x/32/c6/78/32c67804ee1d753ef305f59779b9c2e3.jpg"
},
{
    "criador": "@Breno",
    "número": "29",
    "masculina": "https://i.pinimg.com/564x/62/ac/83/62ac83a144bb2c9151598a6968536cc6.jpg",
    "feminina": "https://i.pinimg.com/564x/54/d2/f3/54d2f3eb3d4885c4d5734d6d694ef352.jpg"
},
{
    "criador": "@Breno",
    "número": "30",
    "masculina": "https://i.pinimg.com/564x/a7/b4/6c/a7b46cf1feddb1ca71123ef7a918d922.jpg",
    "feminina": "https://i.pinimg.com/564x/dd/d5/2c/ddd52c45c6247823090c56356a81a60a.jpg"
},
{
    "criador": "@Breno",
    "número": "31",
    "masculina": "https://i.pinimg.com/564x/56/35/f9/5635f99ba3e88aed3573774237cc0abf.jpg",
    "feminina": "https://i.pinimg.com/564x/4a/ef/aa/4aefaa478bd33fc4de4a68cc0601b4e5.jpg"
},
{
    "criador": "@Breno",
    "número": "32",
    "masculina": "https://i.pinimg.com/564x/af/90/44/af9044b34c2803d537f01a65343f35ad.jpg",
    "feminina": "https://i.pinimg.com/564x/a3/d7/e0/a3d7e0ca15222fd2609b36b4bb3e3716.jpg"
},
{
    "criador": "@Breno",
    "número": "33",
    "masculina": "https://i.pinimg.com/564x/91/e7/7c/91e77cef773a2acdde94a42fdcfc5cdd.jpg",
    "feminina": "https://i.pinimg.com/564x/ed/b2/68/edb26807a2bf7d5f267f791f06d625d1.jpg"
},
{
    "criador": "@Breno",
    "número": "34",
    "masculina": "https://i.pinimg.com/564x/ef/33/bf/ef33bfbd5ed6369c5799757cd0479b5f.jpg",
    "feminina": "https://i.pinimg.com/564x/69/e9/ff/69e9ffa14886f42ad2e676d7a3a86bc6.jpg"
},
{
    "criador": "@Breno",
    "número": "35",
    "masculina": "https://i.pinimg.com/564x/a6/9e/ae/a69eaea5a11db0c49fc02ef221eea60d.jpg",
    "feminina": "https://i.pinimg.com/564x/31/58/c2/3158c29df033adf3e093528c8aacf3e5.jpg"
},
{
    "criador": "@Breno",
    "número": "36",
    "masculina": "https://i.pinimg.com/564x/78/01/f0/7801f0693fe6326f74abe30db36d0fe8.jpg",
    "feminina": "https://i.pinimg.com/564x/06/f3/c5/06f3c57b2c66dd5762e67b7f051507c9.jpg"
},
{
    "criador": "@Breno",
    "número": "37",
    "masculina": "https://i.pinimg.com/564x/18/8b/a3/188ba3e4d1347554934ed73f872c146c.jpg",
    "feminina": "https://i.pinimg.com/564x/58/dd/24/58dd24281552c671cdb25f140ff92ac8.jpg"
},
{
    "criador": "@Breno",
    "número": "38",
    "masculina": "https://i.pinimg.com/564x/36/53/87/365387fc5c2ed1fc3cb44f19dbf3b1f1.jpg",
    "feminina": "https://i.pinimg.com/564x/5b/f1/68/5bf1687522e7070072e5c738dabeabf2.jpg"
},
{
    "criador": "@Breno",
    "número": "39",
    "masculina": "https://i.pinimg.com/564x/b9/e7/11/b9e71112c4636804aee3aac9e4e69353.jpg",
    "feminina": "https://i.pinimg.com/564x/d3/16/c3/d316c38a7a59f33c49924baf5ce4a91e.jpg"
},
{
    "criador": "@Breno",
    "número": "40",
    "masculina": "https://i.pinimg.com/564x/14/ed/3e/14ed3e001d81459d5ebb5d86d1a3e7bf.jpg",
    "feminina": "https://i.pinimg.com/564x/a0/ed/9d/a0ed9d461995939bfa495e2931165bf0.jpg"
},
{
    "criador": "@Breno",
    "número": "41",
    "masculina": "https://i.pinimg.com/564x/e7/3e/89/e73e892e5cde36b7a11f7338caaf5e01.jpg",
    "feminina": "https://i.pinimg.com/564x/21/79/77/2179774debce34cfd62552204c1caa22.jpg"
},
{
    "criador": "@Breno",
    "número": "42",
    "masculina": "https://i.pinimg.com/564x/ce/f7/62/cef76270bb23200b689d2e1334261ec9.jpg",
    "feminina": "https://i.pinimg.com/564x/00/f1/18/00f1183d83f0b7389997d47ce42315a3.jpg"
},
{
    "criador": "@Breno",
    "número": "43",
    "masculina": "https://i.pinimg.com/564x/1a/2a/1c/1a2a1ccb8bb60d5bb932974ff8d6154f.jpg",
    "feminina": "https://i.pinimg.com/564x/d7/2f/43/d72f4373a40f1f4969d12ba78966319f.jpg"
},
{
    "criador": "@Breno",
    "número": "44",
    "masculina": "https://i.pinimg.com/564x/94/f5/2c/94f52cd7019944726ae30c231f4e5505.jpg",
    "feminina": "https://i.pinimg.com/564x/8c/d3/5c/8cd35c131b1279d50ccf8cb8c63cf59f.jpg"
},
{
    "criador": "@Breno",
    "número": "45",
    "masculina": "https://i.pinimg.com/564x/6c/d9/4b/6cd94ba3c9784874cfc49b887b1f4338.jpg",
    "feminina": "https://i.pinimg.com/564x/b5/99/fd/b599fd5dd19074f766240c89df65a133.jpg"
},
{
    "criador": "@Breno",
    "número": "46",
    "masculina": "https://i.pinimg.com/564x/a5/97/28/a59728f268a4abf2ace8656de02bbf25.jpg",
    "feminina": "https://i.pinimg.com/564x/97/d1/a2/97d1a20d15b2e5e5077add5b893b8a53.jpg"
},
{
    "criador": "@Breno",
    "número": "47",
    "masculina": "https://i.pinimg.com/564x/c5/c4/6d/c5c46d38f732eb225dd1d4b61d298c4c.jpg",
    "feminina": "https://i.pinimg.com/564x/68/0b/ab/680bab543bc041daa9c47246591349d8.jpg"
},
{
    "criador": "@Breno",
    "número": "48",
    "masculina": "https://i.pinimg.com/564x/4b/df/91/4bdf91d1c5d783ea0fd5c01691bcaccd.jpg",
    "feminina": "https://i.pinimg.com/564x/c6/95/9d/c6959df3cf3371e903656b65b195c6a3.jpg"
},
{
    "criador": "@Breno",
    "número": "49",
    "masculina": "https://i.pinimg.com/564x/cb/0d/61/cb0d61c70a06dc7367935b99a8624981.jpg",
    "feminina": "https://i.pinimg.com/564x/5f/59/25/5f5925d52c60d256fec672dc8e143d7d.jpg"
},
{
    "criador": "@Breno",
    "número": "50",
    "masculina": "https://i.pinimg.com/564x/e1/31/ff/e131ff1c498a23d51ded7fd055f7da66.jpg",
    "feminina": "https://i.pinimg.com/564x/b2/65/9f/b2659f71f701ab47649811ecacb1d75e.jpg"
},
{
    "criador": "@Breno",
    "número": "51",
    "masculina": "https://i.pinimg.com/564x/fb/6c/33/fb6c3302032e96c8fce4d7d4597695b1.jpg",
    "feminina": "https://i.pinimg.com/564x/86/9c/45/869c45f343cbfb0ab7ff2525a0d41267.jpg"
},
{
    "criador": "@Breno",
    "número": "52",
    "masculina": "https://i.pinimg.com/564x/11/9f/2a/119f2af1e65e1f76e768e37d61aeb9c6.jpg",
    "feminina": "https://i.pinimg.com/564x/38/73/1c/38731c1d9180b5bf4ac571e13ca45d2e.jpg"
},
{
    "criador": "@Breno",
    "número": "53",
    "masculina": "https://i.pinimg.com/564x/8b/0e/a5/8b0ea57623671aa137b9e922624b0ccd.jpg",
    "feminina": "https://i.pinimg.com/564x/0f/6d/4b/0f6d4bf1bee6fbc18aa34e61e743dee7.jpg"
},
{
    "criador": "@Breno",
    "número": "54",
    "masculina": "https://i.pinimg.com/564x/cf/d8/bb/cfd8bb4383363f226503827f638cb98b.jpg",
    "feminina": "https://i.pinimg.com/564x/3e/90/1c/3e901c14aad391e6227ab5638632a9a3.jpg"
},
{
    "criador": "@Breno",
    "número": "55",
    "masculina": "https://i.pinimg.com/564x/f7/c9/1b/f7c91bbce7b97d39f0bfe8819eb91137.jpg",
    "feminina": "https://i.pinimg.com/564x/27/f9/49/27f949f35a9b7dece059caccbf7dfcdf.jpg"
},
{
    "criador": "@Breno",
    "número": "56",
    "masculina": "https://i.pinimg.com/564x/83/c8/a7/83c8a703a460e1d43980e094cc5be5e2.jpg",
    "feminina": "https://i.pinimg.com/564x/fc/86/1b/fc861bdbfd39ac9a043bbf1e7482c157.jpg"
},
{
    "criador": "@Breno",
    "número": "57",
    "masculina": "https://i.pinimg.com/564x/64/26/c2/6426c2427ae5e51b92adb5f6a2d4ecfe.jpg",
    "feminina": "https://i.pinimg.com/564x/04/f7/4f/04f74fb097ea2dd11b731ceb1f7efedb.jpg"
},
{
    "criador": "@Breno",
    "número": "58",
    "masculina": "https://i.pinimg.com/236x/53/56/c7/5356c705d503f425700a8b4651a8bc5a.jpg",
    "feminina": "https://i.pinimg.com/564x/42/cf/32/42cf32c1fb43a6358dc21030f7791325.jpg"
},
{
    "criador": "@Breno",
    "número": "59",
    "masculina": "https://i.pinimg.com/564x/1a/86/26/1a86266be7b0b5fec0604e0c513b37e7.jpg",
    "feminina": "https://i.pinimg.com/564x/6e/00/a9/6e00a969830d309c84082bfdecfa214e.jpg"
},
{
    "criador": "@Breno",
    "número": "60",
    "masculina": "https://i.pinimg.com/564x/ba/b4/f4/bab4f4a26a53897c7d99a9f8c8078781.jpg",
    "feminina": "https://i.pinimg.com/564x/4b/fd/fb/4bfdfbe01206b6f1ac67085524ca5229.jpg"
},
{
    "criador": "@Breno",
    "número": "61",
    "masculina": "https://i.pinimg.com/564x/51/d5/3d/51d53d540bb38a6ff921dfe386ea208f.jpg",
    "feminina": "https://i.pinimg.com/564x/73/7e/c1/737ec155d688a6d5405a8e9481a0ab63.jpg"
},
{
    "criador": "@Breno",
    "número": "62",
    "masculina": "https://i.pinimg.com/564x/e1/cc/2e/e1cc2eefab5fd5eaf4e4488a2ef5207f.jpg",
    "feminina": "https://i.pinimg.com/564x/27/89/41/278941b524e05e3af8ff6d33b05e760e.jpg"
},
{
    "criador": "@Breno",
    "número": "63",
    "masculina": "https://i.pinimg.com/564x/b7/a4/26/b7a42648c8f746d0f3e8937145ba6dc4.jpg",
    "feminina": "https://i.pinimg.com/564x/77/5f/2b/775f2b050ea78e05ef59d305040116fd.jpg"
},
{
    "criador": "@Breno",
    "número": "64",
    "masculina": "https://i.pinimg.com/564x/67/8c/d3/678cd37fe0695fbca10a3ebb4583d707.jpg",
    "feminina": "https://i.pinimg.com/564x/9b/8f/0e/9b8f0e524434dae0dba718fd6510aca7.jpg"
},
{
    "criador": "@Breno",
    "número": "65",
    "masculina": "https://i.pinimg.com/564x/06/02/a2/0602a21b413ca6be1080817f656a8a7c.jpg",
    "feminina": "https://i.pinimg.com/564x/de/21/47/de2147a686bbb5c700bb9bb5e74ee542.jpg"
},
{
    "criador": "@Breno",
    "número": "66",
    "masculina": "https://i.pinimg.com/564x/31/0e/95/310e95ca91b5276025230c040dc31207.jpg",
    "feminina": "https://i.pinimg.com/564x/91/2d/4c/912d4c743bd91e6ac6733b61d0627eb6.jpg"
},
{
    "criador": "@Breno",
    "número": "67",
    "masculina": "https://i.pinimg.com/564x/f0/25/12/f02512c4aa2da0dba428c35c43aec374.jpg",
    "feminina": "https://i.pinimg.com/564x/48/89/59/4889590d62d8e2ba3ce4a56849958e67.jpg"
},
{
    "criador": "@Breno",
    "número": "68",
    "masculina": "https://i.pinimg.com/564x/dd/d2/8d/ddd28db6dc1391dcdb3dcc52b041f9ed.jpg",
    "feminina": "https://i.pinimg.com/564x/ea/08/79/ea0879c2b472fed30941d7bb9cf0f267.jpg"
},
{
    "criador": "@Breno",
    "número": "69",
    "masculina": "https://i.pinimg.com/564x/d7/48/8b/d7488b788d5cdd9c47228b77023408ec.jpg",
    "feminina": "https://i.pinimg.com/564x/0a/bc/0b/0abc0bbda1ddee1363f9e127ed0fc4b2.jpg"
},
{
    "criador": "@Breno",
    "número": "70",
    "masculina": "https://i.pinimg.com/564x/d9/5b/86/d95b860bdc3beb863d342c604d64422b.jpg",
    "feminina": "https://i.pinimg.com/564x/c0/2a/2d/c02a2d1af9b519b54f26735829a6e9db.jpg"
},
{
    "criador": "@Breno",
    "número": "71",
    "masculina": "https://i.pinimg.com/564x/9c/ac/bb/9cacbb9cc2f46b4a18d470a13307cc70.jpg",
    "feminina": "https://i.pinimg.com/564x/10/e2/d8/10e2d8a63659107d548b94b5a5b288ea.jpg"
},
{
    "criador": "@Breno",
    "número": "72",
    "masculina": "https://i.pinimg.com/564x/8b/e0/b8/8be0b8cb5ce3d62b64499b217dfdeb9d.jpg",
    "feminina": "https://i.pinimg.com/564x/64/7c/99/647c99ef1ec35e905302870c2248f87e.jpg"
},
{
    "criador": "@Breno",
    "número": "73",
    "masculina": "https://i.pinimg.com/564x/ef/f9/dc/eff9dce65101563bc81df5ee8a489158.jpg",
    "feminina": "https://i.pinimg.com/564x/0a/f8/7b/0af87bde132510a6fd5c27e0b43e00b4.jpg"
},
{
    "criador": "@Breno",
    "número": "74",
    "masculina": "https://i.pinimg.com/564x/2c/86/04/2c860489d4b6c3a7dd72eefdabbe130c.jpg",
    "feminina": "https://i.pinimg.com/564x/7a/3c/48/7a3c48925a59a23eec03679959e9e290.jpg"
},
{
    "criador": "@Breno",
    "número": "75",
    "masculina": "https://i.pinimg.com/564x/cb/c2/8e/cbc28e0a429b91cc6f3be8ec0340ce7e.jpg",
    "feminina": "https://i.pinimg.com/564x/05/d4/35/05d435336083f06e05d05eb9b5e55c7c.jpg"
},
{
    "criador": "@Breno",
    "número": "76",
    "masculina": "https://i.pinimg.com/564x/7e/d7/91/7ed791732dbb248c91e7fa91cd36967e.jpg",
    "feminina": "https://i.pinimg.com/564x/dc/0f/1b/dc0f1b0d5b4f1e60801bd9756fa75b37.jpg"
},
{
    "criador": "@Breno",
    "número": "77",
    "masculina": "https://i.pinimg.com/564x/8d/14/a9/8d14a97e008c7991dd146b97f20ae436.jpg",
    "feminina": "https://i.pinimg.com/564x/9e/f7/58/9ef75890508a730c334dfe05c2ddae83.jpg"
},
{
    "criador": "@Breno",
    "número": "78",
    "masculina": "https://i.pinimg.com/564x/2d/44/c1/2d44c1a0a32fa466c322fb0e7c88b47e.jpg",
    "feminina": "https://i.pinimg.com/564x/88/15/1d/88151db2bf421e65d332fa32baa6d6b8.jpg"
},
{
    "criador": "@Breno",
    "número": "79",
    "masculina": "https://i.pinimg.com/564x/b2/8a/6a/b28a6aed5d373f64634edd7d399e2bc7.jpg",
    "feminina": "https://i.pinimg.com/564x/79/21/65/792165f9d057f7e8517ac4492cadd430.jpg"
},
{
    "criador": "@Breno",
    "número": "80",
    "masculina": "https://i.pinimg.com/564x/15/80/e2/1580e226d8df96d911bec40357c1198b.jpg",
    "feminina": "https://i.pinimg.com/564x/cf/30/79/cf30799c5ff385bf18edd1580553fe33.jpg"
},
{
    "criador": "@Breno",
    "número": "81",
    "masculina": "https://i.pinimg.com/564x/7b/3d/d3/7b3dd3b2e6262010a130e0fa92b6da97.jpg",
    "feminina": "https://i.pinimg.com/564x/ff/c2/cd/ffc2cdd37fd9615212194a4fb64f2958.jpg"
},
{
    "criador": "@Breno",
    "número": "82",
    "masculina": "https://i.pinimg.com/564x/53/d4/f3/53d4f366e42e7c0870cdf04fc5dd59bc.jpg",
    "feminina": "https://i.pinimg.com/564x/96/93/b9/9693b9e61df9db378f1ae6b083e3b60d.jpg"
},
{
    "criador": "@Breno",
    "número": "83",
    "masculina": "https://i.pinimg.com/564x/b2/00/75/b20075293c75e975a62d1875a4c4c3e1.jpg",
    "feminina": "https://i.pinimg.com/564x/bb/0f/64/bb0f64ef8dd2fa37d6d39ae2a90a7713.jpg"
},
{
    "criador": "@Breno",
    "número": "84",
    "masculina": "https://i.pinimg.com/564x/2a/ed/76/2aed76a0a01a1eee932752a6d02cfb84.jpg",
    "feminina": "https://i.pinimg.com/564x/05/be/80/05be80c195ca5e1bd6a18ade17eea9a1.jpg"
},
{
    "criador": "@Breno",
    "número": "85",
    "masculina": "https://i.pinimg.com/564x/e1/e3/75/e1e375c8bba0d7b415a2eea31cdb0948.jpg",
    "feminina": "https://i.pinimg.com/564x/df/72/79/df7279e1d9e5126fec75ccb53418ee6b.jpg"
},
{
    "criador": "@Breno",
    "número": "86",
    "masculina": "https://i.pinimg.com/564x/79/29/e0/7929e0a035c6cbc966a4bb7528ac928a.jpg",
    "feminina": "https://i.pinimg.com/564x/1e/68/ce/1e68ce12de59a90bf09f67b7d70a527b.jpg"
},
{
    "criador": "@Breno",
    "número": "87",
    "masculina": "https://i.pinimg.com/564x/22/29/31/22293101cdd352790d5188460e43fa8f.jpg",
    "feminina": "https://i.pinimg.com/564x/9e/00/b4/9e00b4240b55a57ee1ca52d0a6a0b25c.jpg"
},
{
    "criador": "@Breno",
    "número": "88",
    "masculina": "https://i.pinimg.com/564x/c5/68/77/c568776548b021fb33c87685eea3432d.jpg",
    "feminina": "https://i.pinimg.com/564x/ec/23/6d/ec236dccdefd8e98111c99369f2b2b8f.jpg"
},
{
    "criador": "@Breno",
    "número": "89",
    "masculina": "https://i.pinimg.com/564x/63/8c/e1/638ce195bef0d52eaaa9d3446f44455f.jpg",
    "feminina": "https://i.pinimg.com/564x/eb/08/3d/eb083d9024338f0896d04e0fc585e4cb.jpg"
},
{
    "criador": "@Breno",
    "número": "90",
    "masculina": "https://i.pinimg.com/564x/d6/c9/9a/d6c99a5de2ded768edae8605dc3af295.jpg",
    "feminina": "https://i.pinimg.com/564x/00/1d/c2/001dc20dcb4764de8626107c11579c92.jpg"
},
{
    "criador": "@Breno",
    "número": "91",
    "masculina": "https://i.pinimg.com/564x/cf/cd/6a/cfcd6a80b77d43798b8cc50a54f9c7d8.jpg",
    "feminina": "https://i.pinimg.com/564x/bd/97/a7/bd97a7895eb5594f4f54b5ffa6b0d644.jpg"
},
{
    "criador": "@Breno",
    "número": "92",
    "masculina": "https://i.pinimg.com/564x/56/97/ee/5697ee815db88b003238262844ee4454.jpg",
    "feminina": "https://i.pinimg.com/564x/00/2f/42/002f42268f1a8c0a6ff5feb360f8d436.jpg"
},
{
    "criador": "@Breno",
    "número": "93",
    "masculina": "https://i.pinimg.com/564x/59/06/be/5906be6d3c0ce6a3ecaf0f610d826a18.jpg",
    "feminina": "https://i.pinimg.com/564x/fc/38/bb/fc38bb16dc9765419d7c5d6a643803ef.jpg"
},
{
    "criador": "@Breno",
    "número": "94",
    "masculina": "https://i.pinimg.com/564x/bb/0d/0b/bb0d0bf96b411278f0b1bc4c32759b54.jpg",
    "feminina": "https://i.pinimg.com/564x/d4/e9/f8/d4e9f84aadf4e2b9c230b2314d45ebe8.jpg"
},
{
    "criador": "@Breno",
    "número": "95",
    "masculina": "https://i.pinimg.com/564x/08/89/05/088905e5f230a531e355a25dcdd065e2.jpg",
    "feminina": "https://i.pinimg.com/564x/66/3c/ba/663cbafed7dbc4b201f6e7cbc9b277e8.jpg"
},
{
    "criador": "@Breno",
    "número": "96",
    "masculina": "https://i.pinimg.com/564x/83/6f/17/836f177f585df84f9a52aac16948bc4a.jpg",
    "feminina": "https://i.pinimg.com/236x/4a/7f/a2/4a7fa23fef5e73f95afed7b2c28ba7f6.jpg"
},
{
    "criador": "@Breno",
    "número": "97",
    "masculina": "https://i.pinimg.com/564x/81/cc/04/81cc041e49472d31101175d267ffc91c.jpg",
    "feminina": "https://i.pinimg.com/564x/bb/6c/43/bb6c431afea0ae17cf3bd65852f8b117.jpg"
},
{
    "criador": "@Breno",
    "número": "98",
    "masculina": "https://i.pinimg.com/564x/4f/8a/1e/4f8a1e100b74ae9e4a9a1a8719e5f6ce.jpg",
    "feminina": "https://i.pinimg.com/564x/5f/94/cf/5f94cf3201f9ee864f66bf7ca3810262.jpg"
},
{
    "criador": "@Breno",
    "número": "99",
    "masculina": "https://i.pinimg.com/564x/e3/2b/63/e32b63de692cdecd27f72600e0b2b00b.jpg",
    "feminina": "https://i.pinimg.com/564x/9f/bf/99/9fbf99eace003913cdf1f04e8b022ca4.jpg"
},
{
    "criador": "@Breno",
    "número": "100",
    "masculina": "https://i.pinimg.com/564x/19/87/bd/1987bd0d1b26bfeb09cc2825ee3c248e.jpg",
    "feminina": "https://i.pinimg.com/564x/e0/c2/b6/e0c2b632a3fdd03e3d0e59bd89306b6f.jpg"
},
{
    "criador": "@Breno",
    "número": "101",
    "masculina": "https://i.pinimg.com/564x/f3/db/b3/f3dbb34f0dbbee9b06a2092086a8b8d5.jpg",
    "feminina": "https://i.pinimg.com/564x/43/2a/3c/432a3c863a8c2e0a5f1b8c56a65578f8.jpg"
},
{
    "criador": "@Breno",
    "número": "102",
    "masculina": "https://i.pinimg.com/564x/04/25/a3/0425a3c3d9ec9bb1476b7da953a9922b.jpg",
    "feminina": "https://i.pinimg.com/564x/44/00/f0/4400f077d0b6d7f00d4e692570cab50e.jpg"
},
{
    "criador": "@Breno",
    "número": "103",
    "masculina": "https://i.pinimg.com/564x/d2/95/0d/d2950d2fcca1a015fdae68399db265be.jpg",
    "feminina": "https://i.pinimg.com/564x/61/89/94/61899452a22101bab0e024e02fbff51f.jpg"
},
{
    "criador": "@Breno",
    "número": "104",
    "masculina": "https://i.pinimg.com/564x/58/39/57/58395789bc3422b68c03534392d0faa0.jpg",
    "feminina": "https://i.pinimg.com/564x/1b/ba/00/1bba00a850c593106216280f25c5b24e.jpg"
},
{
    "criador": "@Breno",
    "número": "105",
    "masculina": "https://i.pinimg.com/564x/2a/7f/f3/2a7ff3d0b11c095e1550033084f6e07b.jpg",
    "feminina": "https://i.pinimg.com/564x/71/75/b0/7175b0d846b5c60825e26a3078ac5efb.jpg"
},
{
    "criador": "@Breno",
    "número": "106",
    "masculina": "https://i.pinimg.com/564x/19/17/0f/19170fa4eab5cc5666b87f9595067d2e.jpg",
    "feminina": "https://i.pinimg.com/564x/ef/77/bb/ef77bb4e0a96db20eacde9b77f9b5b87.jpg"
},
{
    "criador": "@Breno",
    "número": "107",
    "masculina": "https://i.pinimg.com/564x/4d/c0/71/4dc071cc0d64e6c4b0cc789a3bdf0e6c.jpg",
    "feminina": "https://i.pinimg.com/564x/03/20/1a/03201a26f9844e730d007b4130e1f853.jpg"
},
{
    "criador": "@Breno",
    "número": "108",
    "masculina": "https://i.pinimg.com/564x/94/71/15/947115f5de97bff5423f35e6e22d8bd4.jpg",
    "feminina": "https://i.pinimg.com/564x/6e/0f/98/6e0f98a034e524bae3dcf97fc88e8ed9.jpg"
},
{
    "criador": "@Breno",
    "número": "109",
    "masculina": "https://i.pinimg.com/564x/95/db/18/95db183f20253dfb1cf4b74dc1ecee67.jpg",
    "feminina": "https://i.pinimg.com/564x/f2/93/99/f293997e74464a63838db24bae50bf4c.jpg"
},
{
    "criador": "@Breno",
    "número": "110",
    "masculina": "https://i.pinimg.com/564x/54/1a/fb/541afbaf66dfeffdedba146ca1730bc0.jpg",
    "feminina": "https://i.pinimg.com/564x/dc/06/f9/dc06f925b8fc0069bb0b02afce6a3bc6.jpg"
},
{
    "criador": "@Breno",
    "número": "111",
    "masculina": "https://i.pinimg.com/564x/97/dc/f0/97dcf06f65ccf44e397ded63f1b5c358.jpg",
    "feminina": "https://i.pinimg.com/564x/62/93/7d/62937d700739406232dab25eb5db4648.jpg"
},
{
    "criador": "@Breno",
    "número": "113",
    "masculina": "https://i.pinimg.com/564x/6a/cf/6c/6acf6c8145addf12a779947983f87627.jpg",
    "feminina": "https://i.pinimg.com/564x/7e/e1/62/7ee162f2a4e07196de76ed1159e66998.jpg"
},
{
    "criador": "@Breno",
    "número": "114",
    "masculina": "https://i.pinimg.com/564x/ae/de/1b/aede1b39a3e70cb1b315ee7e3a1b61d8.jpg",
    "feminina": "https://i.pinimg.com/564x/bd/42/16/bd4216b323f460a79da53839624d6a84.jpg"
},
{
    "criador": "@Breno",
    "número": "115",
    "masculina": "https://i.pinimg.com/564x/ba/bc/49/babc49c63079a8a2c136f706a172fb10.jpg",
    "feminina": "https://i.pinimg.com/564x/04/48/07/044807222fee49fe6f5b1dab487d88f9.jpg"
},
{
    "criador": "@Breno",
    "número": "116",
    "masculina": "https://i.pinimg.com/564x/ca/f3/1c/caf31ce42fff379cf3d3389c336f36d3.jpg",
    "feminina": "https://i.pinimg.com/564x/dd/0e/1c/dd0e1ced1032f27cf6f4102c2eecc05d.jpg"
},
{
    "criador": "@Breno",
    "número": "117",
    "masculina": "https://i.pinimg.com/564x/86/1a/d4/861ad43a536542f03e7101bb4eb924d4.jpg",
    "feminina": "https://i.pinimg.com/564x/80/ce/51/80ce51a203e269b20b4bf909af60c2da.jpg"
},
{
    "criador": "@Breno",
    "número": "118",
    "masculina": "https://i.pinimg.com/564x/c7/7e/02/c77e02f1733ed629a93fb49702570917.jpg",
    "feminina": "https://i.pinimg.com/564x/ca/59/b6/ca59b69e1b686c6b3ffce76ef34f1ff5.jpg"
},
{
    "criador": "@Breno",
    "número": "119",
    "masculina": "https://i.pinimg.com/564x/a0/d4/76/a0d47639af26cf40224092be67400b3b.jpg",
    "feminina": "https://i.pinimg.com/564x/20/59/3f/20593f95a86ffbab40e8326d7b5963d2.jpg"
},
{
    "criador": "@Breno",
    "número": "120",
    "masculina": "https://i.pinimg.com/564x/27/61/8a/27618ae6423f9c0386d9a195d05f7d62.jpg",
    "feminina": "https://i.pinimg.com/564x/53/ff/b2/53ffb29933a01acc3ee89c2f598841ee.jpg"
},
{
    "criador": "@Breno",
    "número": "121",
    "masculina": "https://i.pinimg.com/564x/5e/17/24/5e1724dff9b119299a2b6e1295f5046c.jpg",
    "feminina": "https://i.pinimg.com/564x/e5/61/84/e561841eb0e3a030bade0f48e2143b2e.jpg"
},
{
    "criador": "@Breno",
    "número": "122",
    "masculina": "https://i.pinimg.com/564x/c9/5b/d4/c95bd42d9ae22894ed7ea368f6926ae9.jpg",
    "feminina": "https://i.pinimg.com/564x/2a/06/c7/2a06c7d8712be607622995953947d03c.jpg"
},
{
    "criador": "@Breno",
    "número": "123",
    "masculina": "https://i.pinimg.com/564x/b2/d1/42/b2d1420fc2e0f23bfbf989d861da6783.jpg",
    "feminina": "https://i.pinimg.com/564x/a8/f1/57/a8f15743846c058a4297de27e62a6b46.jpg"
},
{
    "criador": "@Breno",
    "número": "124",
    "masculina": "https://i.pinimg.com/564x/ea/5b/cb/ea5bcbee2ce781b026dc5652d1faa44e.jpg",
    "feminina": "https://i.pinimg.com/564x/72/e5/47/72e547a68e451516dfff9f1836b6a8a2.jpg"
},
{
    "criador": "@Breno",
    "número": "125",
    "masculina": "https://i.pinimg.com/564x/e8/1c/8a/e81c8a70d5f38a2e36dc8a688d9dadeb.jpg",
    "feminina": "https://i.pinimg.com/564x/81/ff/45/81ff45243ae463eeb2cb8c738f3cb949.jpg"
},
{
    "criador": "@Breno",
    "número": "126",
    "masculina": "https://i.pinimg.com/564x/71/bf/42/71bf42715894db63297952b12a15d9a3.jpg",
    "feminina": "https://i.pinimg.com/564x/c1/1e/11/c11e11fb9c8746b9808052359a29e498.jpg"
},
{
    "criador": "@Breno",
    "número": "127",
    "masculina": "https://i.pinimg.com/564x/00/58/05/005805397a30556979e3d703f131dd02.jpg",
    "feminina": "https://i.pinimg.com/564x/ed/d6/8d/edd68d271fd5b59497a2b6ed820c404f.jpg"
},
{
    "criador": "@Breno",
    "número": "128",
    "masculina": "https://i.pinimg.com/564x/ac/fb/f7/acfbf7733f31f9141a7db44fd5b2a6e1.jpg",
    "feminina": "https://i.pinimg.com/564x/00/58/05/005805397a30556979e3d703f131dd02.jpg"
},
{
    "criador": "@Breno",
    "número": "129",
    "masculina": "https://i.pinimg.com/564x/ad/cf/26/adcf269d5b60ae7036313e06b59771de.jpg",
    "feminina": "https://i.pinimg.com/564x/46/79/d2/4679d281ce824af318ccc204a9c9d6d8.jpg"
},
{
    "criador": "@Breno",
    "número": "130",
    "masculina": "https://i.pinimg.com/564x/00/ac/ea/00acea65cabaa95b0c73216e87c4cb07.jpg",
    "feminina": "https://i.pinimg.com/564x/61/c9/f1/61c9f1e5eaf63ff96442fbdb42018b06.jpg"
},
{
    "criador": "@Breno",
    "número": "131",
    "masculina": "https://i.pinimg.com/564x/27/54/fa/2754fa9b7f4c783950b861f964cdf493.jpg",
    "feminina": "https://i.pinimg.com/564x/8b/82/f3/8b82f3a3574a04449b5ae677c45337fc.jpg"
},
{
    "criador": "@Breno",
    "número": "132",
    "masculina": "https://i.pinimg.com/564x/9e/01/af/9e01af8eddac856ac2c3bbb12f634ded.jpg",
    "feminina": "https://i.pinimg.com/564x/ba/31/1e/ba311e55ff23751b2001bc8efc571832.jpg"
},
{
    "criador": "@Breno",
    "número": "133",
    "masculina": "https://i.pinimg.com/564x/23/f6/12/23f6127893aaef54ce4a4972f9222137.jpg",
    "feminina": "https://i.pinimg.com/564x/94/c9/06/94c906f75ff0fdb825d2e970803d0302.jpg"
},
{
    "criador": "@Breno",
    "número": "134",
    "masculina": "https://i.pinimg.com/564x/43/85/2d/43852d95d023f337a1b2fa10fb28f910.jpg",
    "feminina": "https://i.pinimg.com/564x/1d/f0/8c/1df08c4106c7ff12cf12c79472b79002.jpg"
},
{
    "criador": "@Breno",
    "número": "135",
    "masculina": "https://i.pinimg.com/564x/ff/c6/ff/ffc6fff5714489dfa827998c16c81197.jpg",
    "feminina": "https://i.pinimg.com/564x/31/b9/d2/31b9d2b6cd41e89e037e7c9f1b8a9013.jpg"
},
{
    "criador": "@Breno",
    "número": "136",
    "masculina": "https://i.pinimg.com/564x/6b/fe/43/6bfe43ae6909d8842249512958b7c5e8.jpg",
    "feminina": "https://i.pinimg.com/564x/92/48/5b/92485bc73fe2f9dba8960f5fc0dddb58.jpg"
},
{
    "criador": "@Breno",
    "número": "138",
    "masculina": "https://i.pinimg.com/564x/1f/b4/22/1fb4221e76be87c29bdd6153287650fc.jpg",
    "feminina": "https://i.pinimg.com/564x/61/92/67/6192678c0a68130f796daed04128406d.jpg"
},
{
    "criador": "@Breno",
    "número": "139",
    "masculina": "https://i.pinimg.com/564x/59/ab/f3/59abf33558cb96e4aeec4e55c354e9ae.jpg",
    "feminina": "https://i.pinimg.com/564x/6c/c5/5f/6cc55f1a782dac67617872d3a376928c.jpg"
},
{
    "criador": "@Breno",
    "número": "140",
    "masculina": "https://i.pinimg.com/564x/6d/c2/5c/6dc25c1425e5963b0294a9ba7f1d18ee.jpg",
    "feminina": "https://i.pinimg.com/564x/eb/67/6b/eb676ba82d097e0e449d50ec18e53076.jpg"
},
{
    "criador": "@Breno",
    "número": "141",
    "masculina": "https://i.pinimg.com/564x/0a/23/60/0a2360738731aefe4b38d43a8fe9923e.jpg",
    "feminina": "https://i.pinimg.com/564x/d7/31/62/d731624b13332d2f8f6bac3db9c331d0.jpg"
},
{
    "criador": "@Breno",
    "número": "142",
    "masculina": "https://i.pinimg.com/564x/56/2c/f1/562cf1c1258668b1851afb54fe78516d.jpg",
    "feminina": "https://i.pinimg.com/564x/f7/dd/a4/f7dda4d70f64368de0dcb28a1bd5bc27.jpg"
},
{
    "criador": "@Breno",
    "número": "143",
    "masculina": "https://i.pinimg.com/564x/03/ce/cf/03cecf311029d1f95e53da9d6e90d8e5.jpg",
    "feminina": "https://i.pinimg.com/564x/d9/01/a3/d901a34af204042e18aaaf044c792802.jpg"
},
{
    "criador": "@Breno",
    "número": "144",
    "masculina": "https://i.pinimg.com/564x/a4/91/d1/a491d1e0e1d19aad577036a7fd4d353a.jpg",
    "feminina": "https://i.pinimg.com/564x/68/c8/52/68c8529248c271b4a049a728f97d916a.jpg"
},
{
    "criador": "@Breno",
    "número": "145",
    "masculina": "https://i.pinimg.com/564x/f1/43/9f/f1439f4cf10f6653ccca485f0fd5b454.jpg",
    "feminina": "https://i.pinimg.com/564x/75/1a/a9/751aa9d9aad3792ac340c2f7e647c083.jpg"
},
{
    "criador": "@Breno",
    "número": "146",
    "masculina": "https://i.pinimg.com/564x/94/f5/2c/94f52cd7019944726ae30c231f4e5505.jpg",
    "feminina": "https://i.pinimg.com/564x/8c/d3/5c/8cd35c131b1279d50ccf8cb8c63cf59f.jpg"
}]