{"noiseKey":{"private":{"type":"Buffer","data":"eJ0mWST0aaRWm3IMOPCi/uds20XnY8mFVVALT/ibLX4="},"public":{"type":"Buffer","data":"WumI+i2KY9EcEDwJRInUDyyF+7EJe8FGF60IPfcYoDk="}},"pairingEphemeralKeyPair":{"private":{"type":"Buffer","data":"YOUBTIdfpn39kuoI6fRozGisG438fQ62aydnVAaME3c="},"public":{"type":"Buffer","data":"/a0j5mRnEHs83G1zh/ZGGv6aDqw4f9N0+pcjPUFbNT8="}},"signedIdentityKey":{"private":{"type":"Buffer","data":"qCQk70vfdF9bN864VzEq0amN7y2O9aUDwsKNCw72BUo="},"public":{"type":"Buffer","data":"/zK+KkMJhtEUV3sCRst+sBHGtxHqLvvcQO4x5KQxO08="}},"signedPreKey":{"keyPair":{"private":{"type":"Buffer","data":"OKdDc4c99lMNrtJjOwJFqnwJaA7+OPj6IzhhriLX1Vw="},"public":{"type":"Buffer","data":"i3Uvok9oWee8BHI357sByh213Fjk5ybnIYquQ8o0/0Y="}},"signature":{"type":"Buffer","data":"1IQgrjnaR0usuZRsdOgq1veyuXPuDLD+/hBXJovdjqMQ06hFsE/uNx61PFlRCi3vOcbXJOZFUSchCYuSsuCBhA=="},"keyId":1},"registrationId":179,"advSecretKey":"IIKqDobZL44/GjbMb24B1sykXQ7cA4nhIhr9IrrTDOM=","processedHistoryMessages":[{"key":{"remoteJid":"555397012594@s.whatsapp.net","fromMe":true,"id":"3D8875555A47066016085A58BD3C0E38"},"messageTimestamp":1719404082},{"key":{"remoteJid":"555397012594@s.whatsapp.net","fromMe":true,"id":"9327C5DE8AF799DEDA9B4E3D042647C0"},"messageTimestamp":1719404082}],"nextPreKeyId":180,"firstUnuploadedPreKeyId":180,"accountSyncCounter":1,"accountSettings":{"unarchiveChats":false},"deviceId":"h5HCAXZSSaygZmEo_7q6fQ","phoneId":"6f90fdee-b46c-4de8-84cd-0eb7241ea458","identityId":{"type":"Buffer","data":"5jiscSCyb6/inkIkwBPCy8N9THk="},"registered":true,"backupToken":{"type":"Buffer","data":"E+iQD4t9RsRdqlndOVS1JNAOoZM="},"registration":{},"pairingCode":"WTBAS4K8","me":{"id":"555397012594:10@s.whatsapp.net","lid":"182875899039937:10@lid","name":"sayuri"},"account":{"details":"CIn/h4oFEKeM8LMGGAEgACgA","accountSignatureKey":"RgeTWNI/woLKchqGABAxOxLSHQbQDj4JdC/AlJQZ/xY=","accountSignature":"SSta9h6wQM0AYKX0vY8jro0PTQjBicl3ndz9oP474GojcSZflVnkuSnd8ROJ9aGd95yNkIPep/tLOx6LTLYeDA==","deviceSignature":"XaadECsH14tGGXdXlD8cBETMF0zTGebB2FgfQRa5eUw+Lrm/Q5vmJ5vSGG3tziZTf6o4btO/L2EQie4Js6Wuiw=="},"signalIdentities":[{"identifier":{"name":"555397012594:10@s.whatsapp.net","deviceId":0},"identifierKey":{"type":"Buffer","data":"BUYHk1jSP8KCynIahgAQMTsS0h0G0A4+CXQvwJSUGf8W"}}],"platform":"android","routingInfo":{"type":"Buffer","data":"CAIIDQ=="},"lastAccountSyncTimestamp":1719404075,"myAppStateKeyId":"AAAAABhi"}
