{"_sessions":{"BYjvO40op67WaaVp7rKz4fffSVXfqMpXr9cAgAyo708b":{"registrationId":152877451,"currentRatchet":{"ephemeralKeyPair":{"pubKey":"BaoFttO5HOT2tYJveLrgWpTF96oa2aBvQviyDGAba2Ag","privKey":"cKDE8oQjQfzmv+tI84gapYod+6stZ3ivPV/TOjC8V2E="},"lastRemoteEphemeralKey":"BaU0qukDOWrh0u2BqVlJK2gXXNbxbtlIyPlWtf23PFJX","previousCounter":0,"rootKey":"Ed0z7K1rx2s7bWs2ujr4qEV5mrgUDEWbv0ayhfvf0aQ="},"indexInfo":{"baseKey":"BYjvO40op67WaaVp7rKz4fffSVXfqMpXr9cAgAyo708b","baseKeyType":1,"closed":-1,"used":1721959641757,"created":1721959641757,"remoteIdentityKey":"BU00JO/C/lv9WZPX3kiDGJlUeh/zgRStIMP6t6zzj0B5"},"_chains":{"BaoFttO5HOT2tYJveLrgWpTF96oa2aBvQviyDGAba2Ag":{"chainKey":{"counter":33,"key":"se3Gh3IviYaFik4skk0mctd3Pm+A8viitDkmhWiHKFE="},"chainType":1,"messageKeys":{}}},"pendingPreKey":{"signedKeyId":1,"baseKey":"BYjvO40op67WaaVp7rKz4fffSVXfqMpXr9cAgAyo708b","preKeyId":6909015}}},"version":"v1"}