{"_sessions":{"BUf2tmlOqJwCCPQ/VKfFZ5dPB9DMNuBFhuRi/0sfXipi":{"registrationId":1602418812,"currentRatchet":{"ephemeralKeyPair":{"pubKey":"BVRxvAbuDt5Cw6WE99b1olj5kPVeQepoBrWYYN33SLFa","privKey":"SLK+Amdwm/yKxDt65tqPRsY+ciUnh1g++GmxQ7kI9W4="},"lastRemoteEphemeralKey":"BWfegueonLtxI5kGDB0eXuI59xolF/aW5JfH/8qVqaEh","previousCounter":0,"rootKey":"r4m7feB5vdjRWbhN+SM63yg0mGQgXo2X0PsH/LJaRlI="},"indexInfo":{"baseKey":"BUf2tmlOqJwCCPQ/VKfFZ5dPB9DMNuBFhuRi/0sfXipi","baseKeyType":1,"closed":-1,"used":1721959641751,"created":1721959641751,"remoteIdentityKey":"BUYHk1jSP8KCynIahgAQMTsS0h0G0A4+CXQvwJSUGf8W"},"_chains":{"BVRxvAbuDt5Cw6WE99b1olj5kPVeQepoBrWYYN33SLFa":{"chainKey":{"counter":33,"key":"mv61hfjohkwnw0KtZkmN2pWDzioWyznebGoUxtPVpm4="},"chainType":1,"messageKeys":{}}},"pendingPreKey":{"signedKeyId":2,"baseKey":"BUf2tmlOqJwCCPQ/VKfFZ5dPB9DMNuBFhuRi/0sfXipi","preKeyId":9482499}}},"version":"v1"}