{"_sessions":{"BSKS8RIp3dw6+BebJXCQR7UhdTPJXIr1gZbjCYA1/PFq":{"registrationId":8992,"currentRatchet":{"ephemeralKeyPair":{"pubKey":"BUyHObxyXRnH4oXguDio0LqE6HWpSWqRCKfaHplSraxY","privKey":"WH8x/YV9MbcoK1N7TprEXJTNIOVIKhbOYzG0buCEvlc="},"lastRemoteEphemeralKey":"BaHiu/ODWTlAhspXtnbemFMNwGDYqfLchSuMIcdMN1dM","previousCounter":0,"rootKey":"XVVhy66bIwUuoqhxn8qMxZoUS9dLAUDy6JweXuBAZzw="},"indexInfo":{"baseKey":"BSKS8RIp3dw6+BebJXCQR7UhdTPJXIr1gZbjCYA1/PFq","baseKeyType":1,"closed":-1,"used":1721959641738,"created":1721959641738,"remoteIdentityKey":"BQAaAfh/JFDATTJRr72KJRW28RiEYdqilsXVKf3UHFQq"},"_chains":{"BUyHObxyXRnH4oXguDio0LqE6HWpSWqRCKfaHplSraxY":{"chainKey":{"counter":33,"key":"9h/tqZL8pSSjcA94RZVxGXoiwipZOHoV0k/+7sNP5CY="},"chainType":1,"messageKeys":{}}},"pendingPreKey":{"signedKeyId":1,"baseKey":"BSKS8RIp3dw6+BebJXCQR7UhdTPJXIr1gZbjCYA1/PFq","preKeyId":797}}},"version":"v1"}